N° Commande;Date Commande;Date Facturation;Civilité;Nom Client;Prénom Client;Adresse Livraison;Complément Adresse;BP / Lieu-dit;Code Postal;Ville;Pays;Téléphone Fixe;Téléphone Portable;E-mail Client;Code Produit;Prix Achat HT;Quantité;Référence Fournisseur;Date Approximative Livraison;Date Expédition Réelle;N° Tracking;Nom Transporteur;Date Reception Client;Colis En Retour;Motif Retour;Expedier(solder)
20464219;20160426;20161025;M.;COUMONT;ALAIN;4 CHEMIN DE FONTENILLE; ; ;34800;CLERMONT L'HERAULT;FR; ;0671641843;alaincoumont@aol.com;012786;54,05;2;40;;;;;;;;
20464219;20160426;20161025;M.;COUMONT;ALAIN;4 CHEMIN DE FONTENILLE; ; ;34800;CLERMONT L'HERAULT;FR; ;0671641843;alaincoumont@aol.com;014547;58,22;2;165;;;;;;;;
20492057;20161003;20161003;MME;YOUYOUTTE;EDITH;18 RUE DE GLAIRET; ; ;77640;JOUARRE;FR; ;0623612280;yourid@orange.fr;012321;60,13;1;449-140;;;;;;;;
20483690;20160808;20161004;MME;COR;ROSALIE;1 PLACE DE L ECHIQUIER; ; ;95400;VILLIERS LE BEL;FR;0952233438; ;rosalie.cor@hotmail.fr;012333;20,09;2;694;;;;;;;;
20491959;20161003;20161003;MME;BERNON;MARIANNE;151 RUE DU PLO MIDI LA PINEDE N?6; ; ;34730;PRADES LE LEZ;FR; ;0665416833;mariabe@aliceadsl.fr;014747;67,77;1;704;;;;;;;;
20493156;20161007;20161011;M.;GINEFRI;JEAN;151 CHEMIN DES FAISSES; ; ;06250;MOUGINS;FR; ;0662567070;ginefri@yahoo.fr;014546;61,09;1;700;;;;;;;;
20493156;20161007;20161011;M.;GINEFRI;JEAN;151 CHEMIN DES FAISSES; ; ;06250;MOUGINS;FR; ;0662567070;ginefri@yahoo.fr;012338;64,91;1;1218;;;;;;;;
20493491;20161010;20161010;MME;TOURNANT;STEPHANIE;303 RUE PASTEUR; ; ;33290;LE PIAN MEDOC;FR;0556288519; ;stephanie.tournant@orange.fr;014577;41,04;1;1068-50;;;;;;;;
20493454;20161010;20161010;M.;KIOZLOV;ANDREY;PLACE FRANKLIN 1; ; ;06000;NICE;FR; ;0000000000;kozlovan666@gmail.com;012327;42;1;1046-50;;;;;;;;
20488582;20160919;20161012;MME;CLARKE;DEB;3 PEYRAT; ; ;33350;RUCH;FR;0557400419; ;Deb.clarke10@btinternet.com;015104;54,41;1;166;;;;;;;;
20493197;20161007;20161012;M.;GEVREY;PHILIPPE;2 RUE DE LA CHAMBOTTE; ; ;73490;LA RAVOIRE;FR; ;0609183839;philippe.gevrey@club-internet.fr;012338;64,91;1;1218;;;;;;;;
20495236;20161018;20161018;M.;BURG;DANIEL;CHEMIN DU MONAL;LIEU-DIT LES BOLEROS; ;73720;QUEIGE;FR; ;0782156030;burgdan@orange.fr;012298;39,13;1;176;;;;;;;;
20492969;20161006;20161014;MME;NARRAN;HELENE;BADIE LIEU DIT; ; ;40090;UCHACQ ET PARENTIS;FR;0558516435;0677845094;narran@orange.fr;012337;59,18;1;162;;;;;;;;
20492804;20161005;20161020;M.;LHUMINEAU;ABEL;10 RUE DE LA RIVIERE; ; ;79450;ST AUBIN LE CLOUD;FR; ;0678782062;riviere.matthieu@orange.fr;015051;54,41;1;2534691;;;;;;;;
20492830;20161006;20161020;MME;GASNIER;LAURENCE;25 RUE DU BOIS ROGER; ; ;41220;ST LAURENT NOUAN;FR;0660138261;0660138261;laurence.gasnier9@orange.fr;015103;54,41;1;462;;;;;;;;
20485784;20160829;20161025;M.;LECOLLOEC;SYLVAIN;4 RUES DES 4 VENTS; ; ;28200;OZOIR LE BREUIL;FR;0633485000;0777600710;sandrinem81@outlook.fr;012783;49,63;1;837;;;;;;;;
20496685;20161025;20161025;MME;KNITTEL;CATHERINE;8 ALLEE DE LA ROSELIERE; ; ;67540;OSTWALD;FR; ;0620945774;corel0067@yahoo.fr;015091;39,13;1;721;;;;;;;;
20495597;20161019;20161019;MME;LE NIZERHY;MARTINE;4 PASSAGE DE L ESPERANCE; ; ;94000;CRETEIL;FR;0689788179;0689788179;martine.le-nizerhy@orange.fr;014591;54,41;1;506;;;;;;;;
20496542;20161024;20161024;M.;OSMANI;NASSER;67 AVE DE LA REPUBLIQUE; ; ;94290;VILLENEUVE LE ROI;FR;0770349772;0770349772;osmanione@hotmail.fr;012332;32,45;1;1050;;;;;;;;
20497187;20161027;20161027;M.;D'ARRIGO;ERIC;11 RUE DES ROSSIGNOLS; ; ;91330;YERRES;FR; ;0609116424;edapro@sfr.fr;015057;43,91;1;1456;;;;;;;;
20497289;20161027;20161027;MME;DEWEVER;ANNIE;77 IMPASSE DES ROSIERS; ; ;83660;CARNOULES;FR; ;0625370033;enzo.agd@neuf.fr;015054;63,95;1;945;;;;;;;;
20497157;20161027;20161027;MLE;VAUDOIS;ISABELLE;57 RUE DE LA CIRCULADE; ; ;34990;JUVIGNAC;FR; ;0760339754;isa.vaudois@orange.fr;012759;37,22;1;1294;;;;;;;;
2805558;20161010;20161011;M.;MAYOT;FREDERIC;6 RUE DES ROMARINS; ; ;42290;SORBIERS;FR; ;0643802719;frederic58@free.fr;015060;54,41;1;47-4308;;;;;;;;
20490458;20160926;20161005;M.;MIRET;OLIVIER;49 PASSAGE LAMBOUSSY; ; ;74160;FEIGERES;FR; ;0616951260;olivier.miret@gmail.com;012336;42,95;2;737;;;;;;;;
20464219;20160426;20161025;M.;COUMONT;ALAIN;4 CHEMIN DE FONTENILLE; ; ;34800;CLERMONT L'HERAULT;FR; ;0671641843;alaincoumont@aol.com;012299;84;1;732;;;;;;;;
20489501;20160922;20161004;M.;DOS REMEDIOS;JOAO;LIEU DIT COURTINADE; ; ;82210;MERLES;FR; ;0604076144;joaooliveira10@live.com.pt;015104;54,41;1;166;;;;;;;;
20492174;20161003;20161003;M.;LAVISAY;FELIX;6 RYE RENE  FALLET; ; ;94190;VILLENEUVE SAINT GEORGES;FR;0953327738;0606429418;lavisayfelix@gmail.com;014596;60,13;1;169;;;;;;;;
20488289;20160915;20161010;M.;DRAMORT;CLAUDE;43 BIS RUE DES ENTREPRENEURS; ; ;75015;PARIS;FR; ;0685752298;claudedramort@hotmail.fr;012318;39,13;1;287-10;;;;;;;;
20493399;20161010;20161010;M.;PEHU;FREDERIC;110 ALLEE DU VERGER; ; ;71580;SAGY;FR; ;0622626903;fred.pehu@gmail.com;015107;43,91;1;207;;;;;;;;
20493260;20161010;20161011;MME;TREDANIEL;BRIGITTE;16 RUE DU LAVOIR; ; ;14130;BONNEVILLE LA LOUVET;FR;0950956542;0608328271;Bri.tredaniel@gmail.com;012783;49,63;1;837;;;;;;;;
20495121;20161017;20161017;MME;THOMAS;FLORENCE;353 CHEMIN DU FANAL; ; ;81600;GAILLAC;FR;0624649168;0624649168;franck8604@hotmail.com;012321;60,13;1;449-140;;;;;;;;
20494636;20161017;20161017;M.;SPIRCKEL;MARC;13 AVENUE AUBER; ; ;78360;MONTESSON;FR;0139148522; ;m.spirckel@free.fr;012783;49,63;1;837;;;;;;;;
20494531;20161014;20161014;M.;PEREZ;FRANEOIS;15,RESIDENCE LES PRADES; ; ;11120;VENTENAC EN MINERVOIS;FR; ;0682108190;cfabre11@gmail.com;015102;63;1;1268-100;;;;;;;;
20494437;20161014;20161014;M.;FERON;PHILIPPE;11 CHEMIN DEPARTEMENTAL;ROUTE DE PONTOISE; ;95690;NESLES LA VALLEE;FR;0952223545;0662327714;philferviv@gmail.com;012298;39,13;1;176;;;;;;;;
20496179;20161024;20161025;M.;BESSIERES;GILLES;16 RUE DE LA GIRAFE; ; ;28700;LE GUE DE LONGROI;FR; ;0787189080;Krm.gilles@sfr.fr;012330;71,58;1;301-60;;;;;;;;
20496093;20161024;20161025;MME;TCHERKEZIAN;VERONIQUE;6 BIS, IMPASSE AMEDEE AUTRAN; ; ;13007;MARSEILLE;FR;0496151111;0670614595;vtcherkezian@menuiserielazer.fr;015118;102;1;733-200;;;;;;;;
20495792;20161020;20161020;MME;ODIN;MIREILLE;VEZERONCE  CURTIN;235 MOLLARD BAYET; ;38510;VEZERONCE CURTIN;FR;0474802763;0665710970;mireilleodin@sfr.fr;012328;41,04;1;301;;;;;;;;
20496083;20161024;20161024;M.;LORMANT;CHRISTOPHE;2BIS RUE FONTAINE DES FRERES; ; ;74160;SAINT JULIEN EN GENEVOIS;FR;0450843996;0620597486;docteurlormant@gmail.com;014576;25,11;1;1068;;;;;;;;
20494246;20161013;20161020;MME;MIGNON;ELIANE;13 CHEMIN DU RUTH; ; ;85160;ST JEAN DE MONTS;FR;0624582304; ;eliane.mignon0246@orange.fr;014591;54,41;1;506;;;;;;;;
20495486;20161019;20161019;M.;LAGRANGE;GEORGES;LES CHAMARASSES; ; ;69870;CHAMBOST ALLIERES;FR;0474601217;0667355902;g.lagrange@numericable.com;014577;41,04;1;1068-50;;;;;;;;
20497187;20161027;20161027;M.;D'ARRIGO;ERIC;11 RUE DES ROSSIGNOLS; ; ;91330;YERRES;FR; ;0609116424;edapro@sfr.fr;015113;47,14;1;733-100;;;;;;;;
20497317;20161027;20161027;MME;MEZERAIS;BENEDICTE;PRODIGIOUS 8 RUE ANDRE CITROIN; ; ;92600;CLICHY;FR; ;0674972819;cl_mezerais@yahoo.fr;012787;54,05;1;148;;;;;;;;
20497370;20161027;20161027;M.;TIXIER;FRANCIS;7 RUE VOLTAIRE; ; ;91790;BOISSY-SOUS-SAINT-YON;FR;0164913126;0611948893;mcf.boissy@gmail.com;012338;64,91;1;1218;;;;;;;;
2805379;20161008;20161010;M.;PEYRAT MICHEL;MICHEL;14 ALLEE DE LA ROUBARDIE;RESIDENCE DU LAC; ;87380;MEUZAC;FR;0555099745;0609101659;michyvet@sfr.fr;015107;43,91;1;207;;;;;;;;
2806800;20161019;20161020;MME;HAMELIN;ANTOINE;1252 LA GRANDE RUE; ;LD BEUVILLE;76890;ST DENIS SUR SCIE;FR;0663060508;;marie.claude7@yahoo.fr;012304;87,82;1;411-12;;;;;;;;
20491999;20161003;20161010;M.;DIELEMAN;DOMINIQUE;4 ALLEE DES CHAMPS; ; ;10190;DIERREY SAINT PIERRE;FR; ;0665952852;dieleman10@gmail.com;015104;54,41;1;166;;;;;;;;
2805458;20161010;20161010;M.;DROUVIN;SERGE;72 RUE DE BUCQUOY; ; ;62270;BONNIERES;FR;0676052088;0676052088;serge.drouvin@wanadoo.fr;012288;28,63;1;1095;;;;;;;;
20492397;20161004;20161004;M.;MAUREL;CHRISTIAN;55, AVENUE DES MONTS-BLANCS,;VILLA LA FENOUILLERE; ;13380;PLAN DE CUQUES;FR;0491849052;0626330267;pascale_chat@yahoo.fr;014586;39,13;1;129;;;;;;;;
20492397;20161004;20161005;M.;MAUREL;CHRISTIAN;55, AVENUE DES MONTS-BLANCS,;VILLA LA FENOUILLERE; ;13380;PLAN DE CUQUES;FR;0491849052;0626330267;pascale_chat@yahoo.fr;014586;39,13;1;129;;;;;;;;
20492461;20161004;20161005;M.;LEGAY;ERIC;36 RUE DES HELLANDES; ; ;76280;ANGERVILLE L'ORCHER;FR;0235209675;0627589434;eric.legay@sfr.fr;015096;63,95;1;737-100;;;;;;;;
20491427;20161003;20161003;MME;DAYRAUD;VALERIE;4 IMPASSE D'ANGERVILLE; ; ;32000;AUCH;FR;0621668560;0621668560;valerie.dayraud@gmail.com;015103;54,41;1;462;;;;;;;;
20492906;20161006;20161006;M.;COUET;THIERRY;3 ROUTE DE LA CHARITE;BEAUREGARD; ;58400;VARENNES-LES-NARCY;FR; ; ;thierry.couet@gmail.com;012298;39,13;1;176;;;;;;;;
20493156;20161007;20161007;M.;GINEFRI;JEAN;151 CHEMIN DES FAISSES; ; ;06250;MOUGINS;FR; ;0662567070;ginefri@yahoo.fr;012338;64,91;1;1218;;;;;;;;
20484016;20160812;20161012;MME;CLARY;CLAUDE;9 AVENUE CAP DE CROIX; ; ;06100;NICE;FR; ;0609536142;claudeclary@hotmail.com;012302;39,13;1;460;;;;;;;;
20483690;20160808;20161025;MME;COR;ROSALIE;1 PLACE DE L ECHIQUIER; ; ;95400;VILLIERS LE BEL;FR;0952233438; ;rosalie.cor@hotmail.fr;012333;20,09;2;694;;;;;;;;
20494548;20161014;20161014;MME;BOULAIRE;MARINE;MEZ ER GUILO LOCMARIA; ; ;56590;ILE DE GROIX;FR; ; ;marineboulaire@hotmail.com;012787;54,05;1;148;;;;;;;;
20494555;20161014;20161014;MME;CAVALIER;ELIANE;18 RUE DE CATHELO; ; ;56580;ROHAN;FR; ;0630049230;eliane46du94@live.fr;012783;49,63;1;837;;;;;;;;
20494145;20161013;20161013;M.;BERTRAND;MAXIME;8 RUE DES NOYERS; ; ;28210;NERON;FR; ;0669635026;maxime.bertrand@ymail.com;015060;54,41;1;47-4308;;;;;;;;
20495240;20161018;20161018;MME;ANDRE;SONIA;62-RUE DIDEROT; ; ;59790;RONCHIN;FR; ;0624183636;andresonia1980@sfr.fr;012298;39,13;1;176;;;;;;;;
20496234;20161024;20161025;M.;LUCAS;SYLVAIN;9 LES VOINAUDS; ; ;33820;SAINT AUBIN DE BLAYE;FR;0557327701;0631338708;priam_33@hotmail.fr;014596;60,13;1;169;;;;;;;;
20487553;20160912;20161025;M.;DELANNOY;GUILLAUME;8 ROUTE SAINT PELLERIN; ; ;89660;CHATEL CENSOIR;FR; ;0620478734;guillaumedelannoy.fr@gmail.com;012298;39,13;1;176;;;;;;;;
20495783;20161020;20161020;M.;MICHON;JEAN CLAUDE;23 RUE DES DANDELIGEONS; ; ;70400;VYANS LE VAL;FR; ;0680446777;jcmichon@gmail.com;014591;54,41;1;506;;;;;;;;
20496183;20161024;20161024;MME;DELZANT;MARIE-CHRISTELE;129 AVENUE DE L EUROPE; ; ;06210;MANDELIEU LA NAPOULE;FR;0606661964;0606661964;mcdelzant@free.fr;012337;59,18;1;162;;;;;;;;
20496768;20161025;20161025;MLE;LEDUC;SYLVIE;19 RUE DU CATEAU; ; ;59540;CAUDRY;FR; ;0635275909;sylvieleduc68@live.fr;012822;32,45;1;117;;;;;;;;
20495478;20161019;20161019;M.;CAO;ERIC;19 RUE DE NORMANDIE; ; ;56000;VANNES;FR; ;0683834772;eric.caohuu@gmail.com;012336;42,95;1;737;;;;;;;;
20497518;20161028;20161028;M.;BERHOUN;RABAH;7 ALLE PIERRE WROBLEWSKI; ; ;69780;MIONS;FR; ;0665140240;rblivnet@yhoo.fr;015082;51,54;1;271;;;;;;;;
20497518;20161028;20161028;M.;BERHOUN;RABAH;7 ALLE PIERRE WROBLEWSKI; ; ;69780;MIONS;FR; ;0665140240;rblivnet@yhoo.fr;015091;39,13;1;721;;;;;;;;
20483789;20160808;20161004;M.;MELIN;NICOLAS;15 RUE GEORGES PEREC; ; ;38400;SAINT-MARTIN D'HERES;FR; ;0674047957;willemse@microkwen.com;012217;27,68;1;1085;;;;;;;;
20494792;20161017;20161018;MME;PALVADEAU;MARYSE;31 RUE PAYS DE MONTS; ; ;85230;BOUIN;FR; ;0636842099;maryse.palvadeau@orange.fr;012328;41,04;1;301;;;;;;;;
20494943;20161017;20161017;MME;LEROY;ANNICK;LIEU DIT PISSOISON; ; ;36150;LA CHAPELLE SAINT LAURIAN;FR; ;0651972658;mamie.leroy@free.fr;014576;25,11;1;1068;;;;;;;;
20494594;20161014;20161018;M.;EBRAN DANIEL;DANIEL;4 RUE DE TUGDUAL; ; ;44360;CORDEMAIS;FR;0240577471;0641272909; ;012298;39,13;1;176;;;;;;;;
20464219;20160426;20161025;M.;COUMONT;ALAIN;4 CHEMIN DE FONTENILLE; ; ;34800;CLERMONT L'HERAULT;FR; ;0671641843;alaincoumont@aol.com;012304;87,82;1;411-12;;;;;;;;
20464219;20160426;20161025;M.;COUMONT;ALAIN;4 CHEMIN DE FONTENILLE; ; ;34800;CLERMONT L'HERAULT;FR; ;0671641843;alaincoumont@aol.com;014747;67,77;3;704;;;;;;;;
20464219;20160426;20161025;M.;COUMONT;ALAIN;4 CHEMIN DE FONTENILLE; ; ;34800;CLERMONT L'HERAULT;FR; ;0671641843;alaincoumont@aol.com;015059;67,78;4;1222;;;;;;;;
20464219;20160426;20161025;M.;COUMONT;ALAIN;4 CHEMIN DE FONTENILLE; ; ;34800;CLERMONT L'HERAULT;FR; ;0671641843;alaincoumont@aol.com;015052;61,08;3;2534692;;;;;;;;
20464219;20160426;20161025;M.;COUMONT;ALAIN;4 CHEMIN DE FONTENILLE; ; ;34800;CLERMONT L'HERAULT;FR; ;0671641843;alaincoumont@aol.com;015062;78,27;1;1457;;;;;;;;
20464219;20160426;20161025;M.;COUMONT;ALAIN;4 CHEMIN DE FONTENILLE; ; ;34800;CLERMONT L'HERAULT;FR; ;0671641843;alaincoumont@aol.com;015058;94,5;1;3392008;;;;;;;;
20487868;20160912;20161004;MLE;BARRE;NATACHA;VALUISANT LE BAS;961 CHEMIN DE CORNELOUP; ;01250;VILLEREVERSURE;FR;0674428148;0770433091;natacha.barre.88@gmail.com;013358;63,95;1;4170;;;;;;;;
20491944;20161003;20161004;MME;SOILIHI;FATIMA;196 RUE DU PARADIS;RUE DU PARADIS; ;60190;REMY;FR; ;0661070226;fatima.soilihi45@sfr.fr;015083;30,54;1;111;;;;;;;;
20492369;20161004;20161004;M.;TRISTRAM;RICHARD;47 RUE D HERAMVAULT; ; ;62170;MONTREUIL SUR MER;FR; ;0768027889;richard.tristram@neuf.fr;015093;135,54;1;449-220;;;;;;;;
20483521;20160801;20161012;M.;AMEN;VALERIE;202 RUE LECOCQ; ; ;33000;BORDEAUX;FR; ;0615300949;valerie.amen@orange.fr;014747;67,77;1;704;;;;;;;;
20493759;20161010;20161012;MME;DOMANSKI;CATHERINE;49B  RUE DE LA GRANDE PIERRE; ; ;69126;BRINDAS;FR; ;0660060269;cathaldo@gmail.com;015102;63;1;1268-100;;;;;;;;
2800796;20160817;20161005;M.;HEULERS;THIERRY;15 RUE DU 19 MARS 1962; ; ;86450;CHEMEVELLES;FR; ;0645822034;at.heulers@gmail.com;012822;32,45;1;117;;;;;;;;
20493247;20161007;20161007;MME;FALLONE;SHANONE;6BIS ROUTE IDS SAINT ROCH;6BIS; ;18170;MORLAC;FR; ;0652154789;shanone-18@live.fr;012321;60,13;1;449-140;;;;;;;;
20494837;20161017;20161018;MME;DESMURES;ROSE-MARIE;CHATENAY; ; ;69115;CHIROUBLES;FR;0474042342; ;descop@orange.fr;015107;43,91;1;207;;;;;;;;
20494479;20161014;20161020;M.;SAUNOIS;BERNARD;15 RUE FARNAULT; ; ;77460;SOUPPES SUR LOING;FR;0164298839; ;Bernard.saunois@sfr.fr;014591;54,41;1;506;;;;;;;;
20492804;20161005;20161019;M.;LHUMINEAU;ABEL;10 RUE DE LA RIVIERE; ; ;79450;ST AUBIN LE CLOUD;FR; ;0678782062;riviere.matthieu@orange.fr;015051;54,41;1;2534691;;;;;;;;
20494159;20161013;20161013;MME;SAS PRESTIGE AUTO;MANGIN;3 RUE DU GUIDON; ; ;88700;JEANMENIL;FR;0329651707; ;smangin88@hotmail.fr;012782;38,64;1;838;;;;;;;;
20496772;20161025;20161025;M.;BARP;DANIEL;9 RUE DE LA POMPE A VENT; ; ;30310;VERGEZE;FR;0466354172; ;daniel.barp@orange.fr;012330;71,58;1;301-60;;;;;;;;
20496630;20161024;20161024;M.;FUHS;DIDIER;8 RUE JEAN PAUL 2; ; ;57360;AMNEVILLE;FR; ;0698510925;Canelle57360@gmail.com;014576;25,11;1;1068;;;;;;;;
2807328;20161025;20161025;MME;BOULIN;CHANTAL;4 RUE DES FALUNS; ; ;86110;AMBERRE;FR;0549500358;;chantalboulin@orange.fr;015107;43,91;1;207;;;;;;;;
20487819;20160912;20161020;MME;CAIRONI;JULIE;8 RUE DU CLOS DES BEAUMONTS; ; ;41150;CHOUZY SUR CISSE;FR; ;0662665758;juliecaironi@yahoo.fr;015107;43,91;1;207;;;;;;;;
2806194;20161015;20161017;M.;CAVAGNIS;JOSETTE;5 ROUTE DE BORDS; ; ;17350;ST SAVINIEN;FR;0567474337;0672637817;cavagnis.josette@neuf.fr;015107;43,91;1;207;;;;;;;;
20464219;20160426;20161025;M.;COUMONT;ALAIN;4 CHEMIN DE FONTENILLE; ; ;34800;CLERMONT L'HERAULT;FR; ;0671641843;alaincoumont@aol.com;012785;63,94;2;775;;;;;;;;
20464219;20160426;20161025;M.;COUMONT;ALAIN;4 CHEMIN DE FONTENILLE; ; ;34800;CLERMONT L'HERAULT;FR; ;0671641843;alaincoumont@aol.com;014545;61,09;2;159;;;;;;;;
20464219;20160426;20161025;M.;COUMONT;ALAIN;4 CHEMIN DE FONTENILLE; ; ;34800;CLERMONT L'HERAULT;FR; ;0671641843;alaincoumont@aol.com;012787;54,05;2;148;;;;;;;;
20464219;20160426;20161025;M.;COUMONT;ALAIN;4 CHEMIN DE FONTENILLE; ; ;34800;CLERMONT L'HERAULT;FR; ;0671641843;alaincoumont@aol.com;012784;141,27;1;842;;;;;;;;
20491525;20161003;20161003;MME;BELLI;MONIQUE;477,RUE PASTEUR; ; ;08150;RIMOGNE;FR;0967291686;0782191920;monique.belli@orange.fr;012335;42;1;694-100;;;;;;;;
20492379;20161004;20161004;M.;LIGOT;ANDRE;RUE DE CINEY 57; ; ;5350;OHEY;BE;0486020322;0486020322;ddligot@gmail.com;012783;49,63;1;837;;;;;;;;
20493839;20161010;20161011;M.;SIMONIAN;CHRISTOPHE;18 RUE PAUL VERLAINE,;LES AMANDIERS, BAT C; ;26800;PORTES LES VALENCE;FR; ;0616320090;kris_s_26@hotmail.fr;012758;30,86;1;349;;;;;;;;
20492859;20161006;20161011;MME;DI PRIMA;SOLENE;58 RUE JEAN JAURES; ; ;38170;SEYSSINET;FR; ;0608179176;solenediprima@yahoo.fr;015092;117,41;1;449-200;;;;;;;;
20492581;20161005;20161005;M.;SERAFINI;ROMAIN;1030 CORNICHE EMILE FABRE;43 LES MAS DU FARON; ;83200;TOULON;FR;0633833804;0633833804;serafini.romain@gmail.com;014747;67,77;1;704;;;;;;;;
20492830;20161006;20161006;MME;GASNIER;LAURENCE;25 RUE DU BOIS ROGER; ; ;41220;ST LAURENT NOUAN;FR;0660138261;0660138261;laurence.gasnier9@orange.fr;015103;54,41;1;462;;;;;;;;
20488289;20160915;20161010;M.;DRAMORT;CLAUDE;43 BIS RUE DES ENTREPRENEURS; ; ;75015;PARIS;FR; ;0685752298;claudedramort@hotmail.fr;012331;42;1;311;;;;;;;;
20493125;20161007;20161007;MLE;DUPONT;MARIE;3 MURAT; ; ;23120;VALLIERE;FR; ;0678270900;marie-catherine.dupont@wanadoo.fr;012298;39,13;1;176;;;;;;;;
20493156;20161007;20161007;M.;GINEFRI;JEAN;151 CHEMIN DES FAISSES; ; ;06250;MOUGINS;FR; ;0662567070;ginefri@yahoo.fr;014546;61,09;1;700;;;;;;;;
20493228;20161007;20161007;MME;FABRE;MIREILLE;12 RUE DES BLEUETS; ; ;34660;COURNONTERRAL;FR;0467850799;0667638585;mireillef2849@orange.fr;014596;60,13;1;169;;;;;;;;
20493454;20161010;20161010;M.;KIOZLOV;ANDREY;PLACE FRANKLIN 1; ; ;06000;NICE;FR; ;0000000000;kozlovan666@gmail.com;012334;30,91;1;694-80;;;;;;;;
20487847;20160912;20161012;MME;GADONNEIX;JONATHAN;ABJAT SUR BANDIAT; ; ;24300;ABJAT SUR BANDIAT;FR; ;0615594700;anne@gadonneix.com;015095;81,13;1;737-120;;;;;;;;
20492535;20161004;20161011;M.;IMBERT;HERVE;18 IMPASSE DES SALADELLES; ; ;30240;LE GRAU DU ROI;FR; ;0607482214;rvstef@free.fr;012338;64,91;1;1218;;;;;;;;
20494970;20161017;20161017;MME;GREGOIRE;CATHERINE;AVENUE PIERRE BERGE;1; ;66150;ARLES SUR TECH;FR;0468390579; ;jmitix@gmail.com;014585;42;1;400;;;;;;;;
20494813;20161017;20161017;M.;PAIN;JEAN;42 GRANDE RUE; ; ;89140;EVRY;FR; ;0681720030;jean-paul.pain0618@orange.fr;015057;43,91;1;1456;;;;;;;;
20494854;20161017;20161018;M.;AYGUEPARSE;DIDIER;35 RUE BONNE SANTE; ; ;76620;LE HAVRE;FR;0235490404;0641250368;sylvie.aygueparse@gmail.com;012787;54,05;1;148;;;;;;;;
20495197;20161017;20161017;MME;POISSONNIER;CLAUDINE;10 RUE FRANCOIS BRANGER; ; ;66500;PRADES;FR;0468055228;0631688232;michelpoissonnier@sfr.fr;015107;43,91;1;207;;;;;;;;
20494597;20161014;20161014;M.;KLEINMANN;TONY;AVE MOLLIERE; ; ;34290;ABEILHAN;FR; ;0618333077;TONY1964@GMAIL.COM;015092;117,41;1;449-200;;;;;;;;
20494506;20161014;20161014;MME;ABDOULLAZIDOU;SAKILA;18 LA PLANTE; ; ;27430;HERQUEVILLE;FR; ;0631902368;a.salam27690@gmail.com;012333;20,09;1;694;;;;;;;;
20496093;20161024;20161025;MME;TCHERKEZIAN;VERONIQUE;6 BIS, IMPASSE AMEDEE AUTRAN; ; ;13007;MARSEILLE;FR;0496151111;0670614595;vtcherkezian@menuiserielazer.fr;015114;55,64;1;733-120;;;;;;;;
20496828;20161025;20161025;M.;DU HOMMET;REMY;1 RUE DES LONGS REAGES; ; ;28100;DREUX;FR;0237465148;0664140585;du-hommet.remy@orange.fr;012794;53,45;1;875;;;;;;;;
20495783;20161020;20161020;M.;MICHON;JEAN CLAUDE;23 RUE DES DANDELIGEONS; ; ;70400;VYANS LE VAL;FR; ;0680446777;jcmichon@gmail.com;013358;63,95;1;4170;;;;;;;;
20487847;20160912;20161019;MME;GADONNEIX;JONATHAN;ABJAT SUR BANDIAT; ; ;24300;ABJAT SUR BANDIAT;FR; ;0615594700;anne@gadonneix.com;015095;81,13;1;737-120;;;;;;;;
20496938;20161026;20161027;MME;BROCHERAY-RIVAS;MARINA;17, LES BOUTONS D'OR; ; ;27180;LES BAUX SAINTE CROIX;FR; ;0783685713;brocheray.marina@neuf.fr;012451;44,86;1;456;;;;;;;;
20496647;20161024;20161026;MME;LE GUEN;DANIELLE;13 RUE DE LA PINEDE; ; ;33990;HOURTIN;FR; ;0615768773;danyleguen@sfr.fr;012787;54,05;1;148;;;;;;;;
20497088;20161026;20161026;MME;CLERC-DUCREUX;LAETITIA;31 PLACE DE L'EGLISE; ; ;01450;MERIGNAT;FR;0951058182;0646080738;laetitia.clercducreux@gmail.com;012759;37,22;1;1294;;;;;;;;
20497193;20161027;20161027;M.;AUFFRET;MATHIEU;3 ALLEE DU PRESSOIR; ; ;56890;SAINT AVE;FR;0770059693;0770059693;shangapoker@free.fr;013358;63,95;1;4170;;;;;;;;
20497187;20161027;20161027;M.;D'ARRIGO;ERIC;11 RUE DES ROSSIGNOLS; ; ;91330;YERRES;FR; ;0609116424;edapro@sfr.fr;012321;60,13;1;449-140;;;;;;;;
2804778;20160930;20161003;M.;RIVIERE;JEAN-MARC;6  RUE MARCEL PAGNOL; ; ;83330;LE BEAUSSET;FR;0494902688;0680405900;jm.riviere.95@free.fr;012335;42;1;694-100;;;;;;;;
20492434;20161004;20161004;M.;LEMOINE;BENEDICTE;97 RUE ALEXANDRE DUMAS; ; ;34400;LUNEL;FR; ;0635917447;ZEBRITOL@ALICEADSL.FR;012321;60,13;1;449-140;;;;;;;;
20493834;20161010;20161010;MME;FALOUNE;SHENDY;6 BIS ROUTE IDS SAINT ROCH; ; ;18170;MORLAC;FR; ;0652145789;shanone18170@outlook.fr;012321;60,13;1;449-140;;;;;;;;
20494594;20161014;20161018;M.;EBRAN DANIEL;DANIEL;4 RUE DE TUGDUAL; ; ;44360;CORDEMAIS;FR;0240577471;0641272909; ;012328;41,04;1;301;;;;;;;;
20496330;20161024;20161024;MME;GENTIL;CATHERINE;LE DOMAINE; ; ;35440;GUIPEL;FR; ;0685252426;KAYTLYNNLG@GMAIL.COM;014582;44,86;1;1288;;;;;;;;
20496213;20161024;20161024;M.;LOPES DOS SANTOS;FRANCISCO;19 CLOS GERARD PHILIPE; ; ;12700;CAPDENAC GARE;FR; ;0675471542;ali122@free.fr;012786;54,05;1;40;;;;;;;;
20464219;20160426;20161025;M.;COUMONT;ALAIN;4 CHEMIN DE FONTENILLE; ; ;34800;CLERMONT L'HERAULT;FR; ;0671641843;alaincoumont@aol.com;014591;54,41;3;506;;;;;;;;
20464219;20160426;20161025;M.;COUMONT;ALAIN;4 CHEMIN DE FONTENILLE; ; ;34800;CLERMONT L'HERAULT;FR; ;0671641843;alaincoumont@aol.com;015070;73,5;2;34-4714;;;;;;;;
20492073;20161003;20161005;MME;VERDIER;CAROLE;IMPASSE DE LA GARONNE; ; ;31360;MANCIOUX;FR;0561987998;0685942242;verdierfamily@orange.fr;012328;41,04;1;301;;;;;;;;
20490150;20160926;20161004;M.;VINCENT;JEAN-MARIE;1 BOULEVARD DEBEAUX; ; ;13008;MARSEILLE;FR; ;0612044288;jean.marie.vincent@cegetel.net;014591;54,41;1;506;;;;;;;;
2805141;20161005;20161005;MME;GRARE;CHRISTABEL;6 RUE DE L'ENCLOS; ; ;30210;VERS PONT DU GARD;FR; ;0689702004;monmel1@yahoo.fr;015050;54,41;1;14534690;;;;;;;;
20492096;20161003;20161005;M.;PITAVAL;NICOLAS;LE BOURG; ; ;42140;MARINGES;FR; ;0622275501;nicolas.pitaval@gmail.com;015049;42;1;1453;;;;;;;;
20492879;20161006;20161010;MME;BACH;SEVERINE;1058 FONTAURIOLES; ; ;82130;LAFRANCAISE;FR; ;0685554287;severinebach@orange.fr;014577;41,04;1;1068-50;;;;;;;;
20485367;20160826;20161005;M.;PERSECHINI;BRUNO;83 URE DE LA RESISTANCE; ; ;94320;THIAIS;FR; ;0684205034;2b-immo@orange.fr;015103;54,41;1;462;;;;;;;;
20495044;20161017;20161017;M.;CHAMBOST;ALAIN;88420 MOYENMOUTIER;1 BIS RUELLE DU MONT; ;88420;MOYENMOUTIER;FR;0329416056;0679886124;chambost.alain@orange.fr;015091;39,13;1;721;;;;;;;;
20494479;20161014;20161014;M.;SAUNOIS;BERNARD;15 RUE FARNAULT; ; ;77460;SOUPPES SUR LOING;FR;0164298839; ;Bernard.saunois@sfr.fr;014591;54,41;1;506;;;;;;;;
20496093;20161024;20161025;MME;TCHERKEZIAN;VERONIQUE;6 BIS, IMPASSE AMEDEE AUTRAN; ; ;13007;MARSEILLE;FR;0496151111;0670614595;vtcherkezian@menuiserielazer.fr;015112;41,73;1;733;;;;;;;;
20495783;20161020;20161020;M.;MICHON;JEAN CLAUDE;23 RUE DES DANDELIGEONS; ; ;70400;VYANS LE VAL;FR; ;0680446777;jcmichon@gmail.com;014596;60,13;1;169;;;;;;;;
20496088;20161024;20161024;MME;TAJAN;THEODORETTE;66 RUE DE L'ADOUR; ; ;32160;PLAISANCE;FR;0562693060; ;jean-bernard.tajan@orange.fr;014591;54,41;1;506;;;;;;;;
20496882;20161025;20161025;M.;ROUVIER;MICHEL;RESIDENCE VALMANTE BT G5.;151 TV DE LA GOUFFONNE; ;13009;MARDEILLE;FR;0491419009;0611891682;michelrouvier2@orange.fr;014596;60,13;1;169;;;;;;;;
20496086;20161024;20161024;M.;KELKOULI;REDHA;59 RUE BOISSIERE; ; ;75116;PARIS;FR;0184056395;0620380586;rkelkoul@slb.com;015116;79,22;1;733-160;;;;;;;;
20496589;20161024;20161024;M.;LEFORT;JACQUES;7 BIS RUE JEANNE COLLAY; ; ;69500;BRON;FR; ;0674969000;jacques.lefort1@free.fr;015091;39,13;1;721;;;;;;;;
20495597;20161019;20161019;MME;LE NIZERHY;MARTINE;4 PASSAGE DE L ESPERANCE; ; ;94000;CRETEIL;FR;0689788179;0689788179;martine.le-nizerhy@orange.fr;015089;41,04;1;131;;;;;;;;
20495891;20161021;20161021;M.;BERTINEAU;PATRICK;19 RUE DES ROCS BERCHETS; ; ;16710;SAINT YRIEIX;FR;0950728029; ;bertineau.patrick@free.fr;015107;43,91;1;207;;;;;;;;
20495041;20161017;20161017;MLE;BORDET;STEPHANIE;14 ROUTE DE LATRESNE; ; ;33270;BOULIAC;FR; ;0670078133;steffin@hotmail.fr;012456;44,86;1;340;;;;;;;;
2806401;20161017;20161018;M.;COMPAIRE;PHILIPPE;14 RUE DE LA HUETTERIE; ; ;49124;SAINT BARTHELEMY D'ANJOU;FR;0241695027;0699708762;compaireph@hotmail.fr;015114;55,64;1;733-120;;;;;;;;
20464219;20160426;20161025;M.;COUMONT;ALAIN;4 CHEMIN DE FONTENILLE; ; ;34800;CLERMONT L'HERAULT;FR; ;0671641843;alaincoumont@aol.com;015090;39,13;1;731;;;;;;;;
20482068;20160627;20161020;MME;BORDES;KARINE;16 ALLEE DES FAUVETTES; ; ;06510;GATTIERES;FR; ;0613948475;bordes.karine@gmail.com;014591;54,41;1;506;;;;;;;;
20492461;20161004;20161004;M.;LEGAY;ERIC;36 RUE DES HELLANDES; ; ;76280;ANGERVILLE L'ORCHER;FR;0235209675;0627589434;eric.legay@sfr.fr;015096;63,95;1;737-100;;;;;;;;
20492379;20161004;20161004;M.;LIGOT;ANDRE;RUE DE CINEY 57; ; ;5350;OHEY;BE;0486020322;0486020322;ddligot@gmail.com;012298;39,13;1;176;;;;;;;;
20491493;20161003;20161003;MME;GUIOT;SORAYA;27 RUE DU MEUNIER; ; ;74130;BONNEVILLE;FR; ;0645750893;guiotsoraya1478@outlook.fr;012211;41,04;1;350;;;;;;;;
20491903;20161003;20161003;M.;MBENGUE;SOULEYMANE;52 RUE DU GRAND FOUR; ; ;71000;MACON;FR;0954177894;0609643240;souleymane.mbengue@hotmail.fr;014596;60,13;1;169;;;;;;;;
20493813;20161010;20161010;MME;REQUIER;CATHERINE;66 COTE DE GOURNAY; ; ;76290;SAINT MARTIN DU MANOIR;FR;0235555777; ;ccrequier@free.fr;015107;43,91;1;207;;;;;;;;
20492859;20161006;20161006;MME;DI PRIMA;SOLENE;58 RUE JEAN JAURES; ; ;38170;SEYSSINET;FR; ;0608179176;solenediprima@yahoo.fr;015092;117,41;1;449-200;;;;;;;;
20488289;20160915;20161010;M.;DRAMORT;CLAUDE;43 BIS RUE DES ENTREPRENEURS; ; ;75015;PARIS;FR; ;0685752298;claudedramort@hotmail.fr;012332;32,45;1;1050;;;;;;;;
20494265;20161013;20161013;MME;DAVAL;CHRISTELLE;6 RUE DE LA CORVEE; ; ;21000;DIJON;FR;0380511329; ;yannick.daval@orange.fr;015107;43,91;1;207;;;;;;;;
20496223;20161024;20161024;M.;DUMOULIN;ERIC;9 ALLEE DES CHARMETTES; ; ;37170;CHAMBRAY LES TOURS;FR; ;0000000000;e.dumoulin439@laposte.net;015103;54,41;1;462;;;;;;;;
20496792;20161025;20161026;M.;MARINO;ANGELO;11 ALLEE DES GRIVES; ; ;62710;COURRIERES;FR;0321495765;0683312131;marino.baron@free.fr;015072;42;1;1460;;;;;;;;
20496857;20161025;20161025;M.;NAPOLY;OLIVIER;25 RUE DES CUFFINS; ; ;78830;BONNELLES;FR; ;0681587777;olivier.napoly@orange.fr;014586;39,13;1;129;;;;;;;;
20497025;20161026;20161026;M.;CABANE;BERNARD;LES FAUCHES; ; ;47320;CLAIRAC;FR; ;0680633948;bcabane@wanadoo.fr;012338;64,91;1;1218;;;;;;;;
20484853;20160822;20161012;M.;VERBOUX;FABRICE;1713 ROUTE DE VAULX; ; ;74150;SAINT-EUSBE;FR; ;0782672274;f.verboux@free.fr;014577;41,04;3;1068-50;;;;;;;;
20495102;20161017;20161017;MME;CLAUSTRE;PATRICIA;DROUPT STE MARIE;8 ROUTE DE TROYES; ;10170;MERY SUR SEINE;FR;0325212423; ;claustre.patricia@neuf.fr;015107;43,91;1;207;;;;;;;;
20497571;20161028;20161028;MME;CLAVIER;LYDIE;15 LOTISSEMENT LACHAMP VILLAGE; ; ;19330;ST GERMAIN LES VERGNES;FR; ;0624741072;clavierflc@wanadoo.fr;012321;60,13;1;449-140;;;;;;;;
20464219;20160426;20161025;M.;COUMONT;ALAIN;4 CHEMIN DE FONTENILLE; ; ;34800;CLERMONT L'HERAULT;FR; ;0671641843;alaincoumont@aol.com;012338;64,91;4;1218;;;;;;;;
20464219;20160426;20161025;M.;COUMONT;ALAIN;4 CHEMIN DE FONTENILLE; ; ;34800;CLERMONT L'HERAULT;FR; ;0671641843;alaincoumont@aol.com;015106;116,68;2;1303;;;;;;;;
11395072;20160928;20161003;MME;BREBEL;NATHALIE;25 ROUTE DE KERMEUR; ; ;35111;LA FRESNAIS;FR;0299488712;0660551936;NATHALIEETALAIN.BREBEL@SFR.FR;015107;43,91;1;207;;;;;;;;
20492397;20161004;20161004;M.;MAUREL;CHRISTIAN;55, AVENUE DES MONTS-BLANCS,;VILLA LA FENOUILLERE; ;13380;PLAN DE CUQUES;FR;0491849052;0626330267;pascale_chat@yahoo.fr;015050;54,41;1;14534690;;;;;;;;
20492397;20161004;20161004;M.;MAUREL;CHRISTIAN;55, AVENUE DES MONTS-BLANCS,;VILLA LA FENOUILLERE; ;13380;PLAN DE CUQUES;FR;0491849052;0626330267;pascale_chat@yahoo.fr;015224;57,27;1;438-100;;;;;;;;
20492397;20161004;20161005;M.;MAUREL;CHRISTIAN;55, AVENUE DES MONTS-BLANCS,;VILLA LA FENOUILLERE; ;13380;PLAN DE CUQUES;FR;0491849052;0626330267;pascale_chat@yahoo.fr;015050;54,41;1;14534690;;;;;;;;
20492397;20161004;20161005;M.;MAUREL;CHRISTIAN;55, AVENUE DES MONTS-BLANCS,;VILLA LA FENOUILLERE; ;13380;PLAN DE CUQUES;FR;0491849052;0626330267;pascale_chat@yahoo.fr;015224;57,27;1;438-100;;;;;;;;
20492019;20161003;20161003;M.;PAINCHAUD;FRANCK;20 DOMAINE DES GUERANDES; ;code portail 8980;78670;MEDAN;FR; ;0609222740;FHOTBREAD@AOL.COM;015117;117,41;1;733-180;;;;;;;;
20492379;20161004;20161004;M.;LIGOT;ANDRE;RUE DE CINEY 57; ; ;5350;OHEY;BE;0486020322;0486020322;ddligot@gmail.com;015051;54,41;1;2534691;;;;;;;;
20491959;20161003;20161012;MME;BERNON;MARIANNE;151 RUE DU PLO MIDI LA PINEDE N?6; ; ;34730;PRADES LE LEZ;FR; ;0665416833;mariabe@aliceadsl.fr;014747;67,77;1;704;;;;;;;;
20493303;20161010;20161010;MME;POULAIN;ALICIA;20 RUE ANDRE MULOT; ; ;51450;BETHENY;FR; ;0628611230;l_alicia@hotmail.fr;012313;91,63;1;105680;;;;;;;;
20493241;20161007;20161007;M.;WIRA;MICHEL;12 ALLEE DU VERGER; ; ;74410;SAINT JORIOZ;FR;0450230254;0674561729;wiramichel@wanadoo.fr;012311;47,72;1;1056-40;;;;;;;;
2805562;20161010;20161011;M.;DYE;OLIVIER;8 PROMENADE DES BARTAVELLES; ; ;13820;ENSUES LA REDONNE;FR;0981695046;0642360301;olivier.dye@gmail.com;012783;49,63;1;837;;;;;;;;
20485860;20160830;20161012;M.;POISSON;JASON;1 IMPASSE DE LA THORETTERIE; ; ;18150;LA GUERCHE SUR L AUBOIS;FR;0609978245;0609978245;mon-cheri18@live.fr;015064;44,05;1;127-4716;;;;;;;;
20487150;20160907;20161012;MME;SAUVAGEOT;ISABELLE;11 BIS RUE DU FORT; ; ;90800;BAVILLIERS;FR; ;0663601269;boeglen.samuel@neuf.fr;014591;54,41;1;506;;;;;;;;
20495046;20161017;20161017;M.;GOLDENBERG;PHILIPPE;123 AVENUE DU GENERAL LECLERC; ; ;78220;VIROFLAY;FR;0130245514;0686835383;golden.elc@wanadoo.fr;012298;39,13;1;176;;;;;;;;
20494479;20161014;20161014;M.;SAUNOIS;BERNARD;15 RUE FARNAULT; ; ;77460;SOUPPES SUR LOING;FR;0164298839; ;Bernard.saunois@sfr.fr;012338;64,91;1;1218;;;;;;;;
20494918;20161017;20161017;M.;FREYSSENGE;JEAN PAUL;25 RUE DE LA TOUR DE GASSIES; ; ;33520;BRUGES;FR; ;0682747071;WISTTITY@HOTMAIL.FR;014577;41,04;1;1068-50;;;;;;;;
20483711;20160808;20161025;M.;RAMOS;CHRISTIAN;SUPER U; ; ;07160;LE CHEYLARD;FR;0475297444;0682319952;christian.ramos@systeme-u.fr;015089;41,04;1;131;;;;;;;;
20494479;20161014;20161020;M.;SAUNOIS;BERNARD;15 RUE FARNAULT; ; ;77460;SOUPPES SUR LOING;FR;0164298839; ;Bernard.saunois@sfr.fr;012338;64,91;1;1218;;;;;;;;
20487150;20160907;20161025;MME;SAUVAGEOT;ISABELLE;11 BIS RUE DU FORT; ; ;90800;BAVILLIERS;FR; ;0663601269;boeglen.samuel@neuf.fr;014591;54,41;1;506;;;;;;;;
20492860;20161006;20161026;MLE;DIDEROT;LAURE;LE FRECHET; ; ;47130;BAZENS;FR; ;0643695751;tchoupi3384@icloud.com;014591;54,41;1;506;;;;;;;;
20489867;20160923;20161025;MME;SKATNI;ANAIS;290 RUE DES ACACIAS; ; ;69400;VILLEFRANCHE SUR SAONE;FR;0782513886; ;a.skatni@gmail.com;012783;49,63;1;837;;;;;;;;
20496161;20161024;20161024;M.;LE CORRE;PIERRE;LIEU-DIT LE ROCHER AUX FRESNES; ; ;22590;PORDIC;FR; ;0000000000;pierre.le.corre@gmail.com;014584;46,36;1;347;;;;;;;;
20497551;20161028;20161028;M.;VALLES;VINCENT;170 RUE EMILE FOURNIER; ; ;84140;MONTFAVET;FR;0490230086;0626709559;vincent.valles@univ-avignon.fr;012841;49,63;1;89;;;;;;;;
20497574;20161028;20161028;MME;DUFOUR;MARIE-PAULE;LETIERNANT; ; ;56420;PLUMELEC;FR; ;0627891682;gifour@orange.fr;014586;39,13;1;129;;;;;;;;
2806552;20161018;20161018;M.;SLIM;XAVIER;94 CHEMIN DE L'ENCLOS; ; ;83890;BESSE SUR ISSOLE;FR;0494808961;0494808961;xavierslim@hotmail.com;012782;38,64;1;838;;;;;;;;
20496185;20161024;20161024;MME;DELZANT;MARIE-CHRISTELE;129 AVENUE DE L EUROPE; ; ;06210;MANDELIEU LA NAPOULE;FR; ;0606661964;mcdelzant@free.fr;012338;64,91;1;1218;;;;;;;;
